median_income,house_age,total_rooms,total_bedrooms,population,ocean_proximity,median_house_value
6.91,24,4509,825.0,1885,<1H OCEAN,361400.0
3.42,48,1920,351.0,1196,INLAND,195200.0
10.45,41,648,157.0,277,<1H OCEAN,496400.0
7.68,7,3212,774.0,1629,INLAND,309600.0
3.53,11,3704,785.0,2321,INLAND,151700.0
3.09,9,1768,338.0,1278,NEAR BAY,223600.0
6.82,49,3386,806.0,2114,NEAR BAY,397500.0
12.03,30,3691,748.0,2858,NEAR BAY,500000.0
1.74,41,2746,574.0,1988,NEAR BAY,222300.0
5.18,3,4675,1064.0,2162,INLAND,262700.0
6.33,22,1247,255.0,692,NEAR BAY,347000.0
7.84,40,4834,1082.0,3226,NEAR BAY,417100.0
6.36,51,4830,1168.0,3745,<1H OCEAN,387500.0
2.96,20,4968,1171.0,3949,<1H OCEAN,269100.0
1.6,32,1264,261.0,891,<1H OCEAN,189500.0
3.31,48,4021,804.0,2531,NEAR OCEAN,264600.0
6.24,7,767,153.0,538,NEAR BAY,316300.0
2.76,7,1636,334.0,833,NEAR BAY,200600.0
8.54,20,4710,1010.0,2418,INLAND,366800.0
3.7,25,4744,992.0,3139,NEAR OCEAN,277100.0
2.65,45,4905,928.0,3672,<1H OCEAN,249300.0
5.52,35,2905,556.0,2288,INLAND,252700.0
3.47,44,2683,547.0,1439,NEAR BAY,265900.0
3.04,24,3979,872.0,2859,<1H OCEAN,269500.0
11.21,40,2994,663.0,2217,INLAND,430600.0
2.75,13,2060,440.0,1337,INLAND,156600.0
3.23,48,3536,819.0,1906,NEAR OCEAN,256200.0
5.57,39,2090,484.0,1353,<1H OCEAN,358300.0
8.46,4,4491,942.0,2846,NEAR OCEAN,448100.0
5.27,12,1297,244.0,833,INLAND,226600.0
4.26,17,1838,399.0,1190,<1H OCEAN,269400.0
11.95,1,1858,384.0,1372,NEAR OCEAN,500000.0
3.14,17,1325,251.0,620,<1H OCEAN,226200.0
3.15,2,463,115.0,253,<1H OCEAN,233600.0
2.78,6,3192,657.0,2025,<1H OCEAN,218600.0
5.08,44,360,80.0,184,NEAR OCEAN,309100.0
2.27,11,1456,312.0,1152,NEAR BAY,223000.0
1.89,43,510,96.0,257,INLAND,95000.0
3.23,18,426,78.0,250,INLAND,148700.0
1.3,40,472,105.0,354,NEAR OCEAN,154600.0
4.7,25,4612,909.0,1992,NEAR OCEAN,324600.0
5.08,39,2122,418.0,1545,NEAR BAY,341900.0
5.6,28,3357,829.0,2109,NEAR BAY,324600.0
6.55,46,2538,538.0,1047,NEAR OCEAN,375000.0
3.28,16,1801,327.0,1370,INLAND,143300.0
7.92,12,3918,798.0,1628,INLAND,335400.0
7.48,41,2622,579.0,1589,NEAR BAY,412800.0
2.06,29,2125,431.0,891,INLAND,118400.0
3.91,23,766,139.0,328,<1H OCEAN,274600.0
0.67,21,3115,657.0,2351,INLAND,87400.0
7.98,16,451,84.0,318,INLAND,287000.0
6.49,51,2554,570.0,1222,NEAR OCEAN,378000.0
9.02,48,3701,826.0,2398,NEAR BAY,493600.0
1.42,41,4970,907.0,3567,NEAR BAY,223000.0
5.35,45,2511,503.0,1897,NEAR OCEAN,333800.0
2.9,26,2315,483.0,1359,<1H OCEAN,228200.0
0.94,37,1802,393.0,1367,INLAND,83000.0
7.04,22,3470,696.0,2092,INLAND,307300.0
1.76,51,713,142.0,481,INLAND,72500.0
4.96,10,641,159.0,507,<1H OCEAN,287000.0
2.88,7,200,36.0,98,NEAR BAY,216300.0
4.46,9,1102,274.0,515,INLAND,175400.0
6.61,25,1420,260.0,762,NEAR BAY,356500.0
4.47,46,2521,504.0,1174,<1H OCEAN,305000.0
2.24,15,1055,226.0,541,INLAND,123600.0
11.37,13,1217,231.0,848,INLAND,431800.0
3.31,42,2420,458.0,1430,NEAR BAY,264100.0
2.53,46,4880,965.0,2684,NEAR BAY,237900.0
3.84,26,3704,919.0,2027,<1H OCEAN,264200.0
1.45,21,4750,,2269,<1H OCEAN,210200.0
2.68,23,395,86.0,228,<1H OCEAN,200800.0
3.44,44,4894,1122.0,3180,<1H OCEAN,262600.0
4.68,28,1532,355.0,698,NEAR BAY,293300.0
4.16,51,4851,1106.0,3828,<1H OCEAN,295500.0
5.36,38,1717,349.0,991,NEAR BAY,359300.0
3.93,12,4734,889.0,3688,NEAR BAY,253200.0
7.43,24,2897,578.0,1314,<1H OCEAN,396800.0
5.9,13,4654,906.0,3289,NEAR OCEAN,337800.0
5.12,40,3307,626.0,2139,<1H OCEAN,341000.0
8.12,48,1257,228.0,915,<1H OCEAN,409700.0
8.12,2,2905,713.0,1859,ISLAND,424400.0
4.34,39,2263,553.0,1776,NEAR BAY,300500.0
3.21,12,2992,549.0,1947,NEAR OCEAN,227300.0
4.58,39,620,119.0,442,<1H OCEAN,270100.0
3.73,51,4848,919.0,3641,<1H OCEAN,294400.0
3.13,14,3014,601.0,2067,<1H OCEAN,240700.0
4.48,30,3040,590.0,1853,<1H OCEAN,294300.0
5.03,41,1231,303.0,626,<1H OCEAN,314800.0
5.74,50,1691,314.0,1254,INLAND,261300.0
8.85,43,2085,406.0,1234,NEAR OCEAN,437900.0
4.74,48,709,131.0,459,NEAR BAY,278300.0
3.98,19,2059,511.0,888,INLAND,172200.0
6.94,31,2058,502.0,1232,NEAR BAY,378900.0
2.39,43,1113,256.0,756,INLAND,128400.0
1.31,50,2265,475.0,1435,INLAND,139700.0
5.31,43,3166,612.0,1834,NEAR BAY,334000.0
3.31,25,4037,789.0,1975,INLAND,186600.0
3.46,4,1796,378.0,940,INLAND,129000.0
2.35,50,4642,1085.0,3157,NEAR BAY,228600.0
7.73,51,1255,249.0,614,INLAND,306800.0
1.35,13,1223,246.0,793,NEAR OCEAN,153000.0
5.62,36,3404,755.0,2164,NEAR BAY,321500.0
4.02,42,775,152.0,610,INLAND,167100.0
9.16,37,398,87.0,168,NEAR BAY,448100.0
6.96,3,1565,324.0,693,NEAR BAY,342900.0
1.94,16,2198,400.0,1324,<1H OCEAN,192300.0
5.9,26,1216,253.0,742,INLAND,255500.0
5.22,40,3818,932.0,1588,INLAND,270100.0
3.84,39,225,45.0,164,NEAR BAY,255500.0
5.64,19,1758,356.0,1051,<1H OCEAN,324800.0
2.68,46,3924,724.0,2113,<1H OCEAN,265700.0
4.26,15,3658,815.0,1929,NEAR BAY,294400.0
4.06,32,3556,851.0,2647,NEAR BAY,304200.0
2.43,49,2567,525.0,1228,NEAR BAY,198100.0
3.31,21,670,131.0,310,<1H OCEAN,226800.0
2.97,1,2667,658.0,1294,NEAR BAY,227000.0
5.03,6,4946,1148.0,3214,INLAND,241700.0
7.99,27,1085,238.0,785,NEAR BAY,400800.0
1.66,23,1075,216.0,572,NEAR BAY,169200.0
5.12,47,1141,223.0,535,NEAR BAY,320900.0
2.9,31,3241,745.0,1567,INLAND,156400.0
6.71,12,771,166.0,499,NEAR BAY,340300.0
5.08,21,4349,941.0,2167,INLAND,268500.0
1.38,2,804,148.0,603,<1H OCEAN,171900.0
4.48,5,4620,997.0,2039,INLAND,222900.0
3.72,9,3729,885.0,1539,<1H OCEAN,257400.0
1.78,20,4560,,1985,<1H OCEAN,188400.0
2.93,46,581,108.0,428,<1H OCEAN,224400.0
4.36,18,1436,321.0,948,NEAR OCEAN,278600.0
2.98,22,2580,567.0,2020,INLAND,145300.0
7.15,8,3979,964.0,2126,NEAR BAY,389100.0
3.7,34,2305,536.0,1118,<1H OCEAN,259300.0
2.8,9,1717,425.0,1072,<1H OCEAN,188800.0
4.51,7,1733,428.0,1066,INLAND,195400.0
4.85,30,3494,684.0,2223,NEAR BAY,321200.0
6.75,18,3640,840.0,1962,<1H OCEAN,379000.0
4.16,27,3689,801.0,1484,NEAR OCEAN,315200.0
4.74,16,4145,808.0,1716,INLAND,225500.0
3.3,21,4842,937.0,3222,NEAR OCEAN,263400.0
9.28,5,1070,198.0,651,INLAND,385500.0
5.06,29,2350,553.0,1711,NEAR BAY,291400.0
4.42,47,3432,695.0,1785,INLAND,218200.0
2.98,37,3431,823.0,2491,INLAND,177500.0
7.24,43,3966,882.0,2261,<1H OCEAN,426400.0
1.28,22,3407,773.0,1494,INLAND,118900.0
4.52,14,4693,940.0,3712,INLAND,211500.0
2.7,19,4687,993.0,2834,NEAR BAY,270300.0
6.37,35,4026,840.0,2624,INLAND,302700.0
4.88,24,1812,356.0,1210,INLAND,203600.0
4.46,42,1277,304.0,695,NEAR OCEAN,273800.0
2.09,6,1500,335.0,1048,INLAND,107200.0
3.88,3,2358,,1764,NEAR OCEAN,288200.0
4.99,34,2471,586.0,1371,INLAND,234500.0
6.75,45,2729,511.0,1808,NEAR BAY,413200.0
5.36,50,3460,720.0,2431,INLAND,275400.0
6.37,2,563,123.0,268,INLAND,225600.0
1.57,15,1045,188.0,557,NEAR OCEAN,189000.0
4.4,37,3232,729.0,1433,<1H OCEAN,285700.0
6.9,15,1527,345.0,978,NEAR OCEAN,350000.0
0.77,32,3362,758.0,2421,<1H OCEAN,175700.0
3.52,21,591,113.0,380,<1H OCEAN,234200.0
5.02,17,3455,683.0,1630,<1H OCEAN,327200.0
7.42,34,2259,445.0,1397,<1H OCEAN,401800.0
4.29,32,3437,849.0,2522,<1H OCEAN,293800.0
4.0,50,2246,414.0,1170,INLAND,227900.0
4.77,47,4441,932.0,3255,INLAND,242700.0
5.05,23,1505,362.0,1074,<1H OCEAN,283300.0
2.33,35,3094,723.0,1264,NEAR BAY,231900.0
2.98,37,2232,530.0,1106,INLAND,159800.0
1.13,43,964,239.0,594,NEAR OCEAN,169400.0
2.7,41,698,144.0,479,INLAND,148100.0
1.99,37,3568,719.0,2683,<1H OCEAN,216100.0
2.32,33,3144,572.0,2063,INLAND,172000.0
11.99,25,4004,762.0,2210,<1H OCEAN,500000.0
7.18,46,4413,967.0,2091,INLAND,326700.0
2.02,37,4660,890.0,3280,NEAR OCEAN,239600.0
1.69,40,335,77.0,161,ISLAND,176200.0
2.8,21,1300,237.0,881,NEAR OCEAN,218200.0
1.65,46,2071,410.0,978,NEAR BAY,179900.0
4.69,48,4233,968.0,1847,INLAND,230600.0
4.65,38,4313,853.0,2158,NEAR OCEAN,335800.0
2.29,40,4212,973.0,2164,<1H OCEAN,218800.0
5.93,34,404,100.0,266,NEAR OCEAN,321800.0
5.93,19,4794,1130.0,2226,<1H OCEAN,364900.0
2.62,27,2571,524.0,1985,INLAND,167100.0
2.25,9,4890,1188.0,3040,NEAR BAY,219900.0
3.13,5,761,139.0,453,<1H OCEAN,226000.0
5.52,5,3514,810.0,2016,<1H OCEAN,324000.0
11.44,25,4160,755.0,2606,NEAR BAY,500000.0
5.45,26,2726,523.0,1114,INLAND,246700.0
1.91,19,2411,600.0,1919,<1H OCEAN,194500.0
4.84,30,2571,527.0,1601,<1H OCEAN,311500.0
4.29,36,4935,1171.0,2043,NEAR BAY,302900.0
4.15,48,2881,594.0,1832,INLAND,205000.0
1.68,48,3006,717.0,1727,NEAR BAY,225900.0
4.83,16,3969,982.0,1625,INLAND,226700.0
3.95,7,2455,516.0,1889,NEAR OCEAN,232600.0
1.85,18,4610,1010.0,1863,<1H OCEAN,222200.0
9.83,21,1100,246.0,694,<1H OCEAN,473500.0
1.72,31,1950,478.0,1530,<1H OCEAN,203000.0
5.2,1,3495,691.0,1730,INLAND,223200.0
3.67,3,3359,748.0,1685,<1H OCEAN,258500.0
3.23,31,1652,334.0,661,NEAR OCEAN,248000.0
7.92,25,1443,281.0,615,<1H OCEAN,413600.0
6.69,8,2522,468.0,1054,INLAND,285900.0
3.68,1,1870,417.0,1363,<1H OCEAN,254600.0
2.38,7,2227,538.0,1636,NEAR OCEAN,193100.0
3.01,7,1968,402.0,1359,NEAR BAY,189200.0
3.37,8,3863,844.0,2090,INLAND,191400.0
6.75,19,2502,562.0,1822,NEAR OCEAN,351600.0
4.98,17,1369,286.0,843,NEAR OCEAN,288900.0
6.88,11,4910,1194.0,2561,INLAND,322500.0
1.64,47,2632,540.0,1513,INLAND,122600.0
7.21,41,586,110.0,249,INLAND,304300.0
8.56,49,2630,499.0,2046,INLAND,402200.0
2.49,11,3548,859.0,2297,NEAR OCEAN,231400.0
6.28,38,1605,399.0,1111,NEAR BAY,338900.0
8.17,41,323,64.0,216,INLAND,303000.0
2.82,50,4197,797.0,2799,NEAR OCEAN,270800.0
1.97,2,3652,780.0,1486,INLAND,122700.0
4.58,4,4096,940.0,2499,<1H OCEAN,277600.0
1.09,50,1824,406.0,1329,INLAND,114100.0
7.15,28,1381,340.0,576,<1H OCEAN,383900.0
2.28,33,927,219.0,725,NEAR OCEAN,200400.0
3.45,11,4084,983.0,2326,INLAND,214900.0
5.93,3,3870,843.0,1996,<1H OCEAN,358100.0
5.5,40,1341,272.0,821,NEAR OCEAN,306100.0
5.83,5,2575,589.0,1855,NEAR OCEAN,344900.0
2.48,21,4231,891.0,2495,INLAND,158400.0
4.81,22,558,111.0,367,INLAND,228300.0
6.49,37,3942,751.0,2365,INLAND,314200.0
2.76,11,3044,660.0,1986,INLAND,154800.0
10.23,44,4738,1049.0,2156,INLAND,448800.0
3.55,22,2411,529.0,1001,INLAND,156500.0
1.03,41,1172,220.0,532,<1H OCEAN,155600.0
3.53,13,560,123.0,288,INLAND,153800.0
8.11,3,2832,543.0,1419,NEAR OCEAN,388100.0
2.19,13,3390,767.0,2190,<1H OCEAN,219100.0
2.08,28,1824,383.0,1062,INLAND,108900.0
5.04,11,4128,988.0,1715,INLAND,232300.0
1.96,11,1956,458.0,809,<1H OCEAN,199300.0
1.91,21,440,101.0,191,NEAR BAY,168400.0
2.37,21,4961,1136.0,2685,NEAR BAY,245100.0
9.29,7,1175,257.0,472,NEAR OCEAN,437600.0
5.36,17,4518,832.0,2699,NEAR BAY,320400.0
4.16,48,2513,567.0,1367,NEAR OCEAN,303000.0
2.47,14,1505,320.0,936,NEAR OCEAN,217500.0
6.45,33,987,210.0,679,INLAND,281900.0
5.67,11,2628,542.0,1315,<1H OCEAN,353800.0
9.66,13,755,185.0,349,INLAND,361000.0
2.17,1,2309,,1180,NEAR OCEAN,165300.0
2.0,34,2849,575.0,1141,<1H OCEAN,200600.0
1.05,9,1759,435.0,788,NEAR BAY,168200.0
5.43,13,4435,1049.0,3105,<1H OCEAN,334700.0
4.63,37,1563,282.0,764,<1H OCEAN,270100.0
3.16,30,4159,1012.0,3317,NEAR BAY,236900.0
1.04,41,789,154.0,368,NEAR OCEAN,181100.0
8.64,45,1949,447.0,1394,INLAND,368500.0
4.49,37,740,161.0,504,INLAND,190600.0
7.7,47,2622,570.0,1386,NEAR BAY,442500.0
8.11,7,490,112.0,260,<1H OCEAN,427000.0
5.34,14,2290,445.0,1432,<1H OCEAN,327300.0
5.8,48,4135,790.0,3063,<1H OCEAN,374700.0
2.71,6,4158,938.0,2305,<1H OCEAN,242400.0
4.28,34,4059,813.0,1722,<1H OCEAN,315200.0
6.99,16,1455,361.0,799,INLAND,311600.0
2.37,51,207,43.0,99,INLAND,110900.0
6.71,37,1857,348.0,1440,NEAR BAY,361800.0
6.47,36,4778,1089.0,3243,NEAR BAY,386500.0
6.37,46,4628,932.0,1945,NEAR BAY,395800.0
4.1,6,1456,277.0,753,NEAR OCEAN,279500.0
2.49,8,4150,869.0,1743,NEAR OCEAN,233800.0
10.2,24,1239,306.0,906,NEAR BAY,485800.0
8.35,3,2316,483.0,1765,INLAND,342100.0
4.16,4,884,180.0,393,NEAR BAY,251800.0
4.63,32,4218,890.0,2430,<1H OCEAN,309000.0
3.41,1,1997,361.0,1543,INLAND,155900.0
1.11,34,2024,383.0,927,<1H OCEAN,161300.0
3.8,45,3734,894.0,1929,INLAND,198300.0
5.37,9,262,,136,<1H OCEAN,295600.0
2.82,12,460,,189,INLAND,117100.0
3.3,10,3771,820.0,1563,NEAR BAY,280900.0
3.28,10,3392,840.0,2649,NEAR BAY,250900.0
4.31,50,1688,322.0,1060,INLAND,228100.0
3.49,44,1330,256.0,695,NEAR OCEAN,233800.0
2.29,48,4475,1095.0,2467,INLAND,145700.0
4.3,23,554,127.0,380,NEAR BAY,260900.0
5.21,6,2974,566.0,1625,NEAR OCEAN,324100.0
4.54,24,788,163.0,386,NEAR BAY,266400.0
1.04,24,804,147.0,354,NEAR BAY,149900.0
5.77,21,2428,510.0,1679,NEAR OCEAN,346700.0
1.86,42,373,87.0,176,<1H OCEAN,179000.0
5.16,31,553,120.0,236,INLAND,205300.0
5.29,47,3490,786.0,1992,<1H OCEAN,349200.0
1.41,41,633,128.0,263,<1H OCEAN,151600.0
6.58,30,3152,602.0,2477,NEAR BAY,366200.0
10.14,34,458,82.0,298,<1H OCEAN,473200.0
3.36,18,1067,253.0,491,<1H OCEAN,240200.0
5.16,12,2806,630.0,1315,NEAR OCEAN,322000.0
3.01,35,3845,753.0,2414,NEAR OCEAN,271000.0
1.84,7,795,166.0,431,INLAND,86300.0
6.94,41,593,140.0,420,<1H OCEAN,378700.0
5.23,40,4631,1008.0,2863,NEAR BAY,352000.0
2.6,25,2310,464.0,1324,NEAR BAY,232400.0
1.9,6,4064,807.0,3191,INLAND,115600.0
10.45,1,4339,847.0,2413,<1H OCEAN,500000.0
1.58,46,2400,570.0,1344,<1H OCEAN,195000.0
5.65,16,4197,926.0,2796,INLAND,263400.0
4.45,48,4053,930.0,2933,<1H OCEAN,317800.0
6.2,4,3954,949.0,2572,<1H OCEAN,385200.0
8.94,29,4570,1138.0,3105,<1H OCEAN,454400.0
0.49,38,3629,716.0,1992,NEAR BAY,185300.0
2.05,47,4721,909.0,2793,<1H OCEAN,258900.0
3.73,28,4778,1014.0,2287,NEAR OCEAN,299700.0
9.33,22,413,75.0,277,NEAR BAY,428600.0
3.1,8,2326,547.0,1136,INLAND,176200.0
2.73,32,338,81.0,135,NEAR OCEAN,204900.0
0.74,33,4393,,3398,<1H OCEAN,191600.0
2.57,13,4160,826.0,2173,INLAND,154900.0
5.54,27,863,162.0,413,NEAR BAY,305500.0
3.74,18,3032,626.0,1538,<1H OCEAN,273400.0
2.53,18,1273,303.0,677,INLAND,153500.0
10.52,13,4774,975.0,2815,NEAR BAY,500000.0
3.35,22,4222,770.0,1805,INLAND,215100.0
4.31,14,361,71.0,152,NEAR BAY,253700.0
2.42,11,1700,423.0,879,<1H OCEAN,203400.0
1.83,39,3378,768.0,1750,NEAR OCEAN,193900.0
5.97,50,4690,1139.0,2096,INLAND,287500.0
1.21,22,385,90.0,216,<1H OCEAN,148900.0
5.27,36,4853,1056.0,2492,INLAND,261000.0
0.35,17,2180,415.0,894,NEAR BAY,123100.0
4.85,51,4741,969.0,3576,NEAR OCEAN,326200.0
1.96,32,4188,924.0,3159,NEAR BAY,217200.0
2.25,14,1029,247.0,497,NEAR BAY,208800.0
3.37,42,3719,739.0,1729,INLAND,168700.0
1.73,29,3711,699.0,2296,<1H OCEAN,175900.0
0.98,6,3528,773.0,2301,INLAND,61200.0
3.58,50,3548,682.0,2778,NEAR BAY,268100.0
6.14,4,2685,598.0,1479,<1H OCEAN,348300.0
4.58,11,4811,954.0,3114,INLAND,223600.0
7.41,45,1425,279.0,1070,NEAR BAY,385600.0
1.08,40,3044,632.0,1765,INLAND,97400.0
3.11,10,2933,649.0,1316,INLAND,130000.0
4.08,28,4620,1007.0,2545,INLAND,230900.0
2.25,11,4196,827.0,1907,<1H OCEAN,240900.0
4.19,35,2870,695.0,1167,<1H OCEAN,282800.0
7.18,15,4982,935.0,3490,INLAND,324900.0
5.36,8,1698,310.0,841,NEAR BAY,305400.0
7.76,20,1888,419.0,756,NEAR BAY,379500.0
4.73,50,2647,499.0,1982,INLAND,225400.0
3.76,21,1067,229.0,616,NEAR BAY,274600.0
9.0,1,4512,1112.0,2235,INLAND,375600.0
4.29,29,3208,734.0,1620,NEAR BAY,295100.0
10.09,24,3724,831.0,1847,<1H OCEAN,487000.0
6.67,30,2212,487.0,1056,INLAND,279100.0
2.59,40,439,84.0,323,NEAR BAY,219700.0
3.53,35,247,51.0,115,INLAND,145900.0
8.95,33,4249,866.0,2654,INLAND,411500.0
7.41,20,3657,902.0,1575,<1H OCEAN,376700.0
6.09,16,3479,685.0,2712,INLAND,261400.0
5.72,9,3428,730.0,2198,NEAR BAY,311800.0
1.62,31,1448,355.0,1102,INLAND,121500.0
1.89,17,1367,321.0,764,INLAND,102800.0
4.6,31,3690,913.0,2672,<1H OCEAN,304100.0
2.28,48,2097,466.0,1554,NEAR OCEAN,225700.0
3.38,23,3736,759.0,2544,NEAR BAY,283100.0
3.24,6,2379,565.0,1040,<1H OCEAN,238400.0
5.55,30,4920,985.0,1999,INLAND,290600.0
4.71,7,2170,415.0,1014,NEAR BAY,280600.0
7.09,48,4896,1123.0,2189,NEAR BAY,401700.0
4.76,40,2920,656.0,2014,NEAR OCEAN,314300.0
4.55,42,2581,623.0,1607,INLAND,210600.0
4.0,46,2143,530.0,1308,ISLAND,289800.0
7.71,11,3346,803.0,1676,INLAND,317700.0
4.02,34,3683,678.0,1700,NEAR BAY,288300.0
2.54,12,3896,882.0,1880,<1H OCEAN,195300.0
5.87,45,3025,710.0,1694,NEAR OCEAN,351300.0
3.73,47,2027,504.0,1410,<1H OCEAN,265700.0
6.62,27,422,87.0,211,<1H OCEAN,361900.0
8.17,12,1946,373.0,1322,INLAND,339500.0
3.53,13,729,174.0,434,NEAR BAY,232700.0
8.01,8,333,67.0,251,INLAND,278200.0
6.72,16,4003,888.0,1974,INLAND,291600.0
2.83,29,4686,971.0,2719,NEAR OCEAN,272900.0
2.31,35,301,62.0,132,<1H OCEAN,193400.0
2.19,29,3923,907.0,2095,<1H OCEAN,209400.0
1.86,31,2928,601.0,1764,INLAND,142200.0
7.57,13,2745,627.0,1902,<1H OCEAN,369500.0
3.56,12,2758,499.0,1321,NEAR OCEAN,251500.0
9.71,51,3241,657.0,1579,INLAND,421100.0
2.62,2,2200,445.0,1435,INLAND,131600.0
2.94,33,1148,266.0,634,<1H OCEAN,207300.0
5.4,8,1768,357.0,1048,<1H OCEAN,291700.0
9.43,41,2253,505.0,1654,ISLAND,457600.0
2.86,40,3205,731.0,1921,INLAND,178900.0
6.29,49,393,88.0,259,NEAR BAY,346100.0
4.02,41,941,209.0,623,INLAND,179800.0
5.44,32,4106,857.0,2962,INLAND,268600.0
2.4,38,3159,651.0,2069,<1H OCEAN,218300.0
5.93,28,4768,1046.0,2030,NEAR BAY,375300.0
3.39,15,2463,454.0,1322,NEAR OCEAN,252500.0
3.02,23,3620,873.0,2880,NEAR OCEAN,245000.0
3.92,24,3123,742.0,1494,NEAR BAY,273000.0
5.63,13,3454,705.0,2192,NEAR BAY,328000.0
3.63,21,3439,755.0,2535,INLAND,201900.0
3.04,12,4065,996.0,2579,<1H OCEAN,251300.0
3.7,13,237,47.0,130,INLAND,150100.0
3.65,39,1898,440.0,820,NEAR BAY,246700.0
5.37,23,4766,885.0,2595,INLAND,271000.0
3.17,50,4226,915.0,1998,<1H OCEAN,281400.0
3.12,46,3413,825.0,2676,INLAND,173400.0
2.41,43,1983,433.0,1360,<1H OCEAN,214400.0
5.57,28,2166,483.0,1515,NEAR OCEAN,323900.0
4.35,14,302,73.0,173,NEAR BAY,240000.0
7.68,17,241,55.0,107,INLAND,295800.0
7.13,24,3194,730.0,1618,NEAR BAY,363800.0
4.6,34,3418,755.0,1722,INLAND,208000.0
3.78,51,3190,715.0,1897,NEAR BAY,277100.0
4.02,48,4488,1060.0,2622,INLAND,215200.0
2.73,22,3569,887.0,2046,<1H OCEAN,244000.0
2.43,10,1261,297.0,754,<1H OCEAN,201900.0
2.21,8,2749,630.0,2184,INLAND,144500.0
3.59,21,1876,355.0,974,NEAR BAY,251300.0
0.56,37,3889,922.0,2512,<1H OCEAN,175100.0
9.23,7,4197,971.0,2080,NEAR BAY,446100.0
10.73,26,525,122.0,307,INLAND,391400.0
2.05,13,1320,258.0,633,INLAND,107400.0
10.63,16,307,,191,NEAR OCEAN,479300.0
2.07,30,2878,537.0,1456,NEAR BAY,215600.0
4.04,31,534,105.0,221,<1H OCEAN,276300.0
5.02,5,2239,506.0,1625,NEAR BAY,278800.0
4.25,32,1003,227.0,452,<1H OCEAN,295100.0
2.85,16,2048,413.0,1120,<1H OCEAN,200900.0
2.77,47,966,221.0,570,<1H OCEAN,230700.0
6.33,9,3727,772.0,2135,INLAND,259600.0
7.8,22,2506,451.0,1729,INLAND,334900.0
1.15,44,3029,579.0,1934,INLAND,85300.0
4.65,40,1688,408.0,874,NEAR BAY,253600.0
5.65,45,4329,846.0,1821,INLAND,280700.0
4.46,37,3766,,2662,NEAR OCEAN,305400.0
1.57,14,2573,586.0,1392,INLAND,119300.0
5.4,16,1036,218.0,783,<1H OCEAN,303500.0
7.22,43,3509,827.0,1958,INLAND,313100.0
2.39,20,3812,916.0,2619,INLAND,138700.0
2.83,44,2991,715.0,2320,INLAND,214200.0
4.51,15,4412,890.0,2913,NEAR BAY,291400.0
3.84,44,4183,900.0,2365,INLAND,221100.0
2.84,26,3968,894.0,2487,<1H OCEAN,253100.0
1.83,9,1704,345.0,1052,INLAND,108800.0
2.99,1,2650,484.0,1679,<1H OCEAN,233600.0
0.83,35,3244,696.0,1488,<1H OCEAN,170000.0
5.71,44,2233,403.0,1517,INLAND,232700.0
2.57,20,1899,468.0,869,<1H OCEAN,216300.0
6.23,45,2480,584.0,1006,INLAND,280200.0
3.5,6,1507,291.0,979,INLAND,157400.0
4.36,42,2727,545.0,1218,INLAND,224300.0
1.31,10,4038,1004.0,2859,NEAR BAY,180000.0
5.95,48,1175,242.0,877,<1H OCEAN,329700.0
14.19,33,2256,529.0,1754,NEAR OCEAN,500000.0
3.18,16,2626,554.0,1748,INLAND,155600.0
4.31,36,3874,931.0,2296,NEAR BAY,295200.0
4.63,6,2628,602.0,1421,INLAND,197600.0
1.66,19,3933,714.0,2345,<1H OCEAN,210800.0
1.99,31,559,112.0,266,INLAND,102600.0
5.47,2,2423,530.0,1306,INLAND,264900.0
2.39,18,684,167.0,470,<1H OCEAN,195400.0
3.48,42,1628,304.0,792,INLAND,156000.0
4.36,28,2280,506.0,1152,ISLAND,277800.0
5.58,4,895,180.0,626,INLAND,231100.0
3.59,1,4860,1177.0,2289,NEAR OCEAN,260700.0
3.65,47,401,93.0,199,INLAND,170000.0
12.95,42,4057,835.0,1651,NEAR BAY,500000.0
6.81,50,1398,267.0,961,<1H OCEAN,389300.0
3.23,16,1467,265.0,949,<1H OCEAN,222900.0
3.68,45,3170,708.0,2148,<1H OCEAN,274100.0
10.28,47,273,56.0,132,INLAND,402500.0
5.59,2,295,59.0,199,NEAR OCEAN,314700.0
7.31,36,4468,1112.0,2853,NEAR BAY,397000.0
3.18,1,3677,781.0,2009,NEAR BAY,249000.0
2.96,39,2402,558.0,1381,INLAND,163000.0
8.91,23,457,87.0,286,<1H OCEAN,409500.0
3.85,26,3858,698.0,2304,<1H OCEAN,299900.0
3.81,11,4625,967.0,3037,INLAND,215000.0
3.05,42,3006,681.0,1420,INLAND,195900.0
7.14,1,4456,960.0,2746,NEAR BAY,407700.0
4.49,11,385,93.0,223,INLAND,181700.0
1.91,24,342,71.0,199,INLAND,106600.0
2.84,10,3553,716.0,2088,<1H OCEAN,239900.0
8.0,14,839,204.0,631,<1H OCEAN,376800.0
4.56,14,3949,823.0,2872,NEAR OCEAN,281500.0
7.19,7,2274,452.0,1482,NEAR BAY,378400.0
5.05,23,4168,778.0,2861,INLAND,246400.0
2.09,43,401,94.0,167,INLAND,108600.0
5.37,22,3292,782.0,2296,<1H OCEAN,325500.0
3.9,36,3365,613.0,2000,INLAND,229700.0
2.89,27,3279,672.0,1728,NEAR OCEAN,209700.0
3.05,2,4767,1108.0,2173,<1H OCEAN,260000.0
7.08,39,2302,566.0,990,NEAR BAY,398000.0
4.65,51,1110,229.0,463,NEAR BAY,308900.0
4.46,46,1771,426.0,823,<1H OCEAN,271100.0
9.41,19,3648,757.0,1503,<1H OCEAN,465900.0
2.59,7,2359,454.0,1634,NEAR BAY,207600.0
3.79,12,4525,815.0,2259,NEAR BAY,283300.0
2.73,3,2744,557.0,1502,<1H OCEAN,202500.0
5.31,47,1529,315.0,1114,<1H OCEAN,325300.0
4.5,5,3813,938.0,1700,NEAR BAY,279900.0
3.22,8,660,128.0,484,INLAND,133800.0
3.47,14,1006,207.0,659,INLAND,173700.0
6.69,36,3899,708.0,2093,NEAR OCEAN,398800.0
7.67,7,2473,577.0,1105,INLAND,313500.0
2.83,7,258,62.0,112,<1H OCEAN,179200.0
14.53,50,2675,526.0,1429,INLAND,500000.0
1.63,46,1355,284.0,618,NEAR BAY,194600.0
2.03,32,697,131.0,353,INLAND,77500.0
3.38,8,4525,959.0,1905,NEAR BAY,267800.0
2.5,12,4628,876.0,2952,<1H OCEAN,218600.0
2.31,10,4176,904.0,1913,<1H OCEAN,200400.0
7.56,14,1807,418.0,1269,NEAR BAY,367800.0
5.43,9,920,201.0,448,INLAND,186300.0
4.23,38,1474,290.0,1060,<1H OCEAN,270700.0
2.9,30,4067,832.0,1935,INLAND,157100.0
2.09,5,890,199.0,612,INLAND,116700.0
2.03,1,4223,934.0,2251,INLAND,123400.0
7.54,1,4352,825.0,2755,NEAR OCEAN,392100.0
7.37,20,3637,869.0,1511,INLAND,295400.0
3.43,49,2555,544.0,1528,<1H OCEAN,258700.0
1.54,11,949,181.0,436,NEAR BAY,184200.0
5.69,26,3251,613.0,1932,NEAR BAY,362900.0
3.44,44,4973,1231.0,2270,INLAND,201700.0
6.85,3,3764,751.0,2163,INLAND,292800.0
2.0,6,4855,1182.0,2156,<1H OCEAN,227100.0
4.21,43,1904,397.0,929,<1H OCEAN,267500.0
1.88,45,3645,754.0,2325,INLAND,145300.0
2.55,11,4644,1063.0,3671,<1H OCEAN,271700.0
2.51,8,2577,465.0,1493,NEAR BAY,224100.0
3.39,29,3431,698.0,2315,NEAR BAY,273500.0
7.9,10,2415,485.0,1487,NEAR OCEAN,420800.0
4.34,34,1085,261.0,650,<1H OCEAN,288300.0
6.22,24,1064,230.0,453,<1H OCEAN,331500.0
4.19,46,3694,759.0,1690,INLAND,203900.0
3.12,48,3254,646.0,2450,INLAND,178700.0
0.93,17,985,218.0,555,NEAR BAY,131400.0
2.08,32,656,125.0,423,NEAR OCEAN,186100.0
4.0,11,544,107.0,332,<1H OCEAN,232900.0
4.42,34,753,151.0,415,NEAR BAY,268400.0
6.86,24,987,219.0,547,<1H OCEAN,334700.0
1.27,5,2019,416.0,1256,INLAND,71700.0
11.75,29,904,194.0,412,<1H OCEAN,500000.0
0.92,48,1152,259.0,639,NEAR BAY,172600.0
3.85,48,1014,250.0,586,NEAR BAY,270500.0
2.77,34,1748,408.0,1388,NEAR BAY,220800.0
2.1,16,343,71.0,185,INLAND,101800.0
9.09,25,2977,691.0,1958,<1H OCEAN,484600.0
2.84,37,3966,977.0,1804,<1H OCEAN,241700.0
1.2,8,4025,865.0,1715,<1H OCEAN,205300.0
1.7,29,1416,295.0,1060,NEAR OCEAN,161500.0
7.34,46,2007,372.0,1389,INLAND,289300.0
1.76,25,4670,1132.0,2461,NEAR OCEAN,213600.0
1.47,42,4972,980.0,2992,NEAR OCEAN,216600.0
4.47,23,2939,542.0,1335,INLAND,195400.0
3.38,34,1489,324.0,1016,NEAR BAY,240300.0
5.2,3,755,180.0,323,<1H OCEAN,292100.0
3.12,30,1062,221.0,746,INLAND,135200.0
6.01,50,2685,630.0,1661,<1H OCEAN,372400.0
1.59,34,2555,609.0,1306,NEAR BAY,210100.0
1.38,32,1165,246.0,867,INLAND,109600.0
4.71,29,2595,574.0,2061,INLAND,206700.0
3.38,9,675,146.0,338,NEAR BAY,212900.0
3.02,2,1538,377.0,1111,INLAND,134500.0
5.69,39,724,167.0,506,NEAR BAY,316800.0
12.69,7,2771,678.0,1936,INLAND,485500.0
1.41,46,761,148.0,595,<1H OCEAN,186300.0
8.06,5,3902,787.0,2320,INLAND,347800.0
5.83,8,4864,899.0,3257,<1H OCEAN,338600.0
2.94,32,1405,302.0,1025,NEAR BAY,210800.0
9.47,18,4233,1020.0,2505,<1H OCEAN,459200.0
1.71,38,4047,821.0,2398,NEAR OCEAN,201100.0
5.1,46,4401,831.0,2321,INLAND,273200.0
3.56,18,2438,450.0,1736,NEAR OCEAN,255100.0
2.94,49,1360,287.0,917,INLAND,169900.0
1.88,41,4995,956.0,2899,INLAND,125700.0
15.53,45,4025,822.0,2285,NEAR OCEAN,500000.0
2.92,16,271,64.0,116,NEAR BAY,211800.0
0.66,21,954,197.0,384,NEAR BAY,156100.0
6.38,10,4052,902.0,2478,<1H OCEAN,357700.0
4.84,42,1104,237.0,625,<1H OCEAN,289200.0
3.35,4,251,57.0,180,<1H OCEAN,239400.0
3.16,44,2821,538.0,1740,NEAR BAY,253200.0
3.8,8,3390,828.0,2626,NEAR OCEAN,268600.0
6.41,47,4148,933.0,1984,<1H OCEAN,391500.0
4.88,19,1487,295.0,1183,NEAR OCEAN,265200.0
5.35,47,4980,939.0,2585,INLAND,276200.0
5.35,40,1972,375.0,1295,<1H OCEAN,303300.0
6.58,40,4102,963.0,2464,NEAR OCEAN,385000.0
7.68,51,4120,911.0,2240,INLAND,346100.0
2.58,9,1149,237.0,523,NEAR OCEAN,193700.0
4.46,30,3338,678.0,1515,INLAND,228900.0
7.47,17,2616,627.0,1790,INLAND,312600.0
2.57,40,2479,598.0,1366,NEAR OCEAN,213800.0
8.43,44,1625,358.0,1274,NEAR OCEAN,411900.0
2.55,15,1784,386.0,945,INLAND,142200.0
4.99,4,1246,295.0,988,NEAR BAY,283500.0
3.39,6,2365,549.0,1140,<1H OCEAN,218900.0
3.05,16,4223,878.0,1862,NEAR OCEAN,245700.0
5.2,26,1376,255.0,722,<1H OCEAN,301400.0
7.71,37,2360,551.0,1779,<1H OCEAN,388400.0
3.34,23,1231,236.0,749,<1H OCEAN,226200.0
8.1,13,3488,631.0,1584,NEAR BAY,433600.0
2.49,47,4726,1129.0,2273,NEAR OCEAN,290300.0
7.78,17,1515,334.0,794,INLAND,315500.0
4.26,27,1092,264.0,694,<1H OCEAN,248200.0
4.81,22,306,65.0,163,INLAND,194100.0
1.84,37,3280,803.0,2292,INLAND,132500.0
2.97,19,944,193.0,610,<1H OCEAN,229700.0
3.93,39,821,189.0,615,ISLAND,272400.0
7.23,35,4440,892.0,2665,<1H OCEAN,430400.0
3.51,13,1020,183.0,543,<1H OCEAN,234500.0
2.36,14,611,126.0,487,NEAR BAY,191000.0
4.58,48,313,72.0,169,<1H OCEAN,254100.0
11.0,31,2646,504.0,1512,INLAND,426800.0
4.88,45,3546,763.0,2566,NEAR BAY,303300.0
3.49,2,4419,861.0,1924,NEAR BAY,249700.0
4.6,46,285,52.0,158,<1H OCEAN,264600.0
2.26,39,4342,969.0,1885,ISLAND,220800.0
8.73,37,1772,437.0,807,<1H OCEAN,453100.0
8.64,14,2205,444.0,886,INLAND,317600.0
2.2,9,4279,944.0,1727,INLAND,136300.0
8.52,10,1003,247.0,553,INLAND,341200.0
4.63,7,3534,797.0,2557,NEAR BAY,291400.0
5.9,28,3549,806.0,2252,INLAND,290900.0
3.98,46,1269,244.0,829,<1H OCEAN,261000.0
4.16,25,2869,615.0,1743,NEAR OCEAN,308100.0
2.7,46,4341,892.0,3159,INLAND,152400.0
2.22,28,2971,632.0,2234,INLAND,156300.0
2.14,2,4835,1141.0,3577,<1H OCEAN,205800.0
7.35,17,4382,930.0,3176,<1H OCEAN,426200.0
4.45,4,1608,296.0,760,NEAR OCEAN,261800.0
2.29,13,3940,958.0,2511,INLAND,157600.0
4.24,18,464,101.0,293,INLAND,196100.0
1.25,3,4048,990.0,2474,NEAR OCEAN,172100.0
2.26,51,3293,724.0,1950,NEAR BAY,247900.0
7.76,37,4998,924.0,2177,<1H OCEAN,434700.0
2.89,33,1673,365.0,737,INLAND,127400.0
7.23,41,4481,987.0,3409,INLAND,341000.0
3.79,24,525,102.0,342,<1H OCEAN,229700.0
5.92,8,1406,299.0,709,INLAND,230500.0
1.9,35,4692,995.0,2400,<1H OCEAN,212500.0
5.42,2,1704,381.0,1097,INLAND,228400.0
0.76,33,3734,739.0,2101,ISLAND,160700.0
3.05,12,1640,361.0,945,INLAND,125800.0
8.0,22,1155,227.0,490,NEAR BAY,381900.0
4.08,13,754,159.0,343,INLAND,161200.0
2.19,10,3454,651.0,1925,<1H OCEAN,218600.0
7.62,17,4339,792.0,2949,<1H OCEAN,427200.0
11.74,43,4777,967.0,2002,INLAND,500000.0
3.43,5,2236,445.0,1193,<1H OCEAN,239400.0
1.31,9,1486,309.0,1007,<1H OCEAN,159300.0
4.11,13,1397,345.0,1001,<1H OCEAN,256600.0
6.13,23,4861,1052.0,2314,<1H OCEAN,376300.0
3.55,30,2467,539.0,1708,<1H OCEAN,275700.0
0.85,43,3829,941.0,2994,<1H OCEAN,182300.0
5.78,4,3665,896.0,2795,NEAR BAY,343900.0
2.5,21,971,234.0,694,NEAR BAY,184100.0
3.03,43,2656,496.0,1819,NEAR OCEAN,261900.0
1.36,9,670,150.0,331,NEAR BAY,157000.0
0.6,7,1570,371.0,1026,INLAND,40000.0
1.85,16,3332,794.0,2190,NEAR OCEAN,217100.0
2.86,23,871,192.0,490,NEAR BAY,196700.0
2.82,23,1374,249.0,820,<1H OCEAN,184800.0
8.95,31,310,76.0,210,<1H OCEAN,439600.0
2.02,5,3759,800.0,2935,NEAR OCEAN,211600.0
6.88,6,1226,254.0,635,INLAND,252900.0
4.36,51,3754,779.0,1871,INLAND,236000.0
9.68,1,3433,719.0,2199,NEAR OCEAN,486200.0
3.82,48,4639,913.0,2098,INLAND,223000.0
0.92,28,1672,339.0,1058,INLAND,114500.0
3.62,18,2579,642.0,1123,<1H OCEAN,243700.0
0.63,24,3171,652.0,1890,INLAND,47200.0
1.83,13,2581,559.0,1672,NEAR OCEAN,170200.0
3.66,33,3490,835.0,1493,<1H OCEAN,240100.0
3.71,10,4953,1074.0,2391,NEAR BAY,311500.0
6.75,7,2033,412.0,1085,NEAR BAY,355000.0
5.16,37,653,141.0,357,NEAR BAY,329700.0
9.15,32,940,176.0,630,INLAND,355300.0
6.75,45,2580,487.0,1577,<1H OCEAN,366000.0
6.28,22,2557,584.0,1413,NEAR BAY,325400.0
11.2,16,1643,401.0,953,INLAND,425500.0
6.56,24,3880,895.0,1572,NEAR OCEAN,388100.0
8.3,14,1948,360.0,1379,<1H OCEAN,408600.0
1.25,11,2601,541.0,1083,INLAND,66300.0
3.29,19,3371,607.0,2466,NEAR OCEAN,263200.0
5.03,23,4440,958.0,2736,INLAND,259500.0
4.19,34,2206,426.0,1348,NEAR OCEAN,272800.0
2.45,40,1986,478.0,1354,<1H OCEAN,210800.0
6.32,13,1609,301.0,1196,<1H OCEAN,313100.0
7.19,39,1962,353.0,1524,<1H OCEAN,395200.0
3.81,44,1109,234.0,684,INLAND,174500.0
3.4,28,960,183.0,441,<1H OCEAN,197400.0
2.9,40,3440,796.0,2584,<1H OCEAN,228600.0
6.47,16,2889,706.0,1202,INLAND,286800.0
3.36,50,730,133.0,527,INLAND,159800.0
4.11,51,1559,323.0,1047,NEAR OCEAN,262900.0
7.81,28,4018,1003.0,3061,INLAND,343300.0
4.75,4,2227,515.0,1690,NEAR OCEAN,272900.0
4.11,28,2760,680.0,1162,<1H OCEAN,270800.0
2.75,12,2377,455.0,1530,<1H OCEAN,217000.0
3.97,16,1737,339.0,781,NEAR BAY,284600.0
2.5,49,1473,281.0,635,INLAND,166900.0
4.58,36,2981,599.0,1726,INLAND,193500.0
2.98,20,1146,264.0,503,<1H OCEAN,219800.0
3.23,26,1498,286.0,1035,<1H OCEAN,214200.0
3.99,26,2711,587.0,2135,<1H OCEAN,258800.0
9.8,22,2388,474.0,1499,<1H OCEAN,445000.0
4.98,9,1081,257.0,534,<1H OCEAN,271600.0
1.84,5,2047,369.0,1509,INLAND,84500.0
3.36,17,2175,425.0,1612,<1H OCEAN,258200.0
2.79,49,4468,,3096,NEAR BAY,249200.0
2.71,34,4768,890.0,3080,INLAND,145300.0
2.78,2,3164,672.0,2363,INLAND,144900.0
3.42,7,3263,686.0,1518,INLAND,168200.0
2.54,36,3328,797.0,2571,INLAND,151200.0
2.55,13,697,155.0,542,NEAR BAY,206900.0
2.8,20,2416,543.0,1809,INLAND,165600.0
2.71,30,1188,292.0,594,ISLAND,212600.0
2.29,30,2808,698.0,2087,INLAND,142200.0
5.63,11,2675,603.0,1602,<1H OCEAN,320500.0
3.14,31,4714,1020.0,3007,INLAND,195100.0
3.51,3,1570,349.0,1155,INLAND,133000.0
3.35,2,3788,783.0,1560,NEAR BAY,260400.0
2.65,48,2702,673.0,1473,INLAND,163000.0
2.23,3,378,86.0,274,<1H OCEAN,163900.0
5.95,15,2129,426.0,1544,INLAND,285200.0
2.32,17,2748,505.0,2032,NEAR BAY,191800.0
2.4,48,311,56.0,145,INLAND,131100.0
6.97,7,3419,664.0,2332,<1H OCEAN,362300.0
2.83,48,914,179.0,419,<1H OCEAN,235900.0
3.97,5,1601,334.0,1143,INLAND,202500.0
3.25,34,3124,609.0,1555,INLAND,188600.0
3.88,33,1581,354.0,1098,INLAND,181400.0
8.8,45,3327,648.0,1936,NEAR BAY,472700.0
2.5,16,3211,620.0,2551,INLAND,133800.0
5.64,37,1408,299.0,889,<1H OCEAN,332300.0
5.94,3,3325,805.0,2171,<1H OCEAN,339000.0
5.69,47,236,50.0,129,<1H OCEAN,301800.0
8.58,48,2028,423.0,1407,<1H OCEAN,465200.0
0.87,43,3260,718.0,1949,INLAND,118200.0
1.54,51,3541,701.0,1441,INLAND,117000.0
2.2,50,4141,847.0,2664,INLAND,173800.0
2.93,21,1009,196.0,738,<1H OCEAN,200500.0
4.62,41,3272,,1618,NEAR BAY,316900.0
2.28,8,4318,988.0,2109,NEAR OCEAN,222700.0
2.27,22,1726,392.0,1110,INLAND,147900.0
4.21,51,3719,735.0,2704,INLAND,230000.0
5.28,5,695,163.0,347,<1H OCEAN,266100.0
3.93,17,624,123.0,482,NEAR BAY,262600.0
5.43,37,2947,561.0,2272,INLAND,246400.0
1.32,14,2265,463.0,1087,INLAND,83500.0
2.54,39,2182,,1103,NEAR BAY,225700.0
2.13,41,1668,316.0,1134,<1H OCEAN,198100.0
2.83,28,4000,901.0,3122,<1H OCEAN,275000.0
3.8,31,1433,344.0,980,NEAR BAY,269900.0
1.11,17,1997,400.0,1154,INLAND,65200.0
2.81,35,764,161.0,357,NEAR BAY,207600.0
2.52,40,3219,630.0,1881,<1H OCEAN,215700.0
1.41,22,1504,308.0,966,INLAND,104900.0
5.5,45,332,60.0,176,INLAND,232300.0
3.91,48,648,159.0,391,INLAND,167700.0
2.84,29,2030,424.0,917,INLAND,172800.0
9.45,10,2358,554.0,1369,<1H OCEAN,461900.0
1.51,18,3826,726.0,1669,<1H OCEAN,197900.0
9.74,35,1049,248.0,440,INLAND,386000.0
3.4,44,4162,999.0,3091,<1H OCEAN,257300.0
2.39,16,1680,386.0,809,INLAND,131800.0
2.89,50,1100,267.0,693,NEAR BAY,225900.0
3.08,49,1739,333.0,799,NEAR BAY,257700.0
10.46,7,2099,447.0,1060,INLAND,415200.0
4.64,30,3144,702.0,1712,<1H OCEAN,302900.0
1.91,19,3444,763.0,1575,NEAR OCEAN,203800.0
5.93,23,714,171.0,298,NEAR BAY,346100.0
3.1,8,1791,349.0,1344,INLAND,125400.0
0.47,17,283,54.0,114,INLAND,40000.0
5.84,21,3942,779.0,1673,<1H OCEAN,366400.0
5.93,26,2327,564.0,1680,<1H OCEAN,361100.0
3.21,28,1801,442.0,923,INLAND,157300.0
2.62,39,4817,1059.0,3319,<1H OCEAN,243900.0
6.27,33,1422,305.0,651,<1H OCEAN,335000.0
2.53,40,4529,1007.0,2241,NEAR BAY,227300.0
7.08,19,2042,455.0,1284,INLAND,322700.0
2.57,29,2491,478.0,1981,<1H OCEAN,222100.0
3.64,20,1789,407.0,768,NEAR BAY,257300.0
4.92,20,3096,655.0,1734,INLAND,235300.0
4.34,10,4688,1013.0,1955,NEAR BAY,321000.0
2.43,12,208,37.0,99,INLAND,101800.0
4.76,33,4908,1146.0,3744,<1H OCEAN,321900.0
5.77,25,914,217.0,400,INLAND,251100.0
1.98,25,2127,475.0,1579,NEAR BAY,171100.0
5.0,4,309,71.0,145,NEAR BAY,297400.0
3.57,4,465,100.0,346,<1H OCEAN,252700.0
2.07,9,3423,764.0,2105,INLAND,129900.0
4.64,15,1154,239.0,866,<1H OCEAN,262400.0
6.14,26,1549,364.0,713,NEAR BAY,351200.0
2.73,15,1774,377.0,1250,<1H OCEAN,212900.0
4.78,26,2423,551.0,1628,NEAR OCEAN,301700.0
3.09,28,4031,900.0,2487,NEAR OCEAN,260700.0
5.47,7,3455,791.0,2502,INLAND,234600.0
6.79,32,1258,295.0,829,<1H OCEAN,366400.0
4.5,12,2157,465.0,1619,INLAND,178100.0
5.73,35,3347,792.0,1848,<1H OCEAN,313600.0
6.31,32,2719,584.0,1729,NEAR BAY,364500.0
2.71,9,3853,,2882,<1H OCEAN,248500.0
3.05,14,2770,644.0,1346,INLAND,148700.0
4.85,13,3127,600.0,1858,NEAR OCEAN,294000.0
7.64,44,4087,972.0,3205,<1H OCEAN,435000.0
1.75,33,1087,237.0,640,INLAND,103300.0
5.16,32,944,234.0,473,NEAR OCEAN,292500.0
7.29,19,3714,855.0,2007,INLAND,321400.0
3.5,30,3130,,2360,NEAR OCEAN,263900.0
3.86,16,2879,597.0,2251,<1H OCEAN,248200.0
3.81,12,375,81.0,292,ISLAND,236500.0
3.68,10,765,,519,NEAR BAY,239200.0
2.38,2,3417,789.0,2063,INLAND,125500.0
3.59,18,4557,938.0,2155,<1H OCEAN,289100.0
2.43,13,4826,1089.0,2168,NEAR OCEAN,242100.0
5.52,29,1594,351.0,675,NEAR BAY,314500.0
1.2,24,1420,268.0,578,NEAR BAY,165200.0
6.18,38,1147,225.0,861,INLAND,256100.0
6.71,12,784,159.0,567,NEAR OCEAN,340300.0
4.31,29,3062,593.0,1920,<1H OCEAN,288200.0
9.33,22,1820,346.0,1455,INLAND,344200.0
4.96,36,3555,654.0,2777,NEAR BAY,322600.0
4.63,1,2549,614.0,1687,<1H OCEAN,287800.0
1.15,43,3391,678.0,1986,INLAND,147600.0
6.95,40,3407,682.0,1570,<1H OCEAN,398900.0
2.21,34,2776,539.0,1682,INLAND,127300.0
2.04,34,731,155.0,338,<1H OCEAN,166100.0
4.42,48,1431,309.0,800,NEAR OCEAN,272200.0
2.44,33,2193,426.0,1704,INLAND,131300.0
3.47,4,1897,422.0,1018,INLAND,150200.0
7.25,38,3570,823.0,1646,<1H OCEAN,399900.0
8.73,30,1745,359.0,1104,INLAND,347000.0
2.73,46,3365,743.0,2156,NEAR OCEAN,243700.0
3.56,20,1637,352.0,781,NEAR BAY,239600.0
12.02,26,570,110.0,272,<1H OCEAN,500000.0
8.68,15,4704,1087.0,3743,NEAR BAY,439800.0
6.39,7,816,192.0,405,NEAR BAY,311400.0
2.44,7,4366,984.0,3210,INLAND,144000.0
2.76,50,4214,854.0,2478,NEAR OCEAN,265200.0
6.35,29,4379,1072.0,2513,NEAR OCEAN,358800.0
1.02,23,2456,,1272,INLAND,78100.0
7.01,34,4554,904.0,3231,NEAR BAY,400700.0
7.99,20,3510,732.0,2640,INLAND,337200.0
3.25,15,1131,258.0,570,INLAND,158900.0
8.81,33,2529,604.0,1107,<1H OCEAN,459200.0
5.09,17,593,121.0,269,INLAND,210900.0
1.84,20,2665,523.0,1911,<1H OCEAN,214200.0
4.18,13,3477,778.0,1996,<1H OCEAN,277000.0
2.6,44,2129,520.0,963,<1H OCEAN,241900.0
4.5,24,825,159.0,442,<1H OCEAN,263600.0
1.75,47,4857,1147.0,2941,NEAR BAY,232800.0
9.18,37,3079,656.0,2280,NEAR BAY,475300.0
5.47,7,3366,794.0,2210,<1H OCEAN,324500.0
3.04,8,3622,780.0,1703,INLAND,147100.0
4.57,23,2309,476.0,1070,NEAR BAY,264500.0
3.9,14,1365,312.0,771,NEAR OCEAN,260500.0
9.36,4,2981,724.0,1282,<1H OCEAN,450300.0
3.85,21,2091,423.0,1468,INLAND,178100.0
4.41,46,3382,717.0,1895,<1H OCEAN,328700.0
1.58,10,1839,360.0,987,INLAND,79500.0
4.47,22,981,189.0,592,NEAR OCEAN,283400.0
4.98,30,4892,1146.0,3344,NEAR BAY,322200.0
2.03,30,2256,437.0,1416,<1H OCEAN,201000.0
5.9,16,2523,594.0,1818,<1H OCEAN,318400.0
0.94,11,2474,519.0,1612,INLAND,67000.0
3.55,22,2433,607.0,1740,<1H OCEAN,260800.0
1.53,29,2838,550.0,1926,NEAR OCEAN,210800.0
4.08,25,3487,650.0,1664,<1H OCEAN,291500.0
3.13,14,2680,496.0,1128,INLAND,162900.0
5.18,14,2816,671.0,2143,<1H OCEAN,349700.0
3.82,2,555,116.0,431,NEAR OCEAN,243700.0
5.1,13,4687,844.0,3237,INLAND,232900.0
4.14,3,4874,1175.0,3361,<1H OCEAN,264900.0
7.2,30,3546,855.0,1801,INLAND,323100.0
6.63,18,3722,880.0,2296,NEAR BAY,352200.0
2.52,36,2667,526.0,2125,NEAR BAY,212800.0
6.9,21,363,74.0,269,NEAR OCEAN,355200.0
4.96,19,3834,890.0,2000,<1H OCEAN,332000.0
7.58,16,4933,1056.0,2567,NEAR BAY,413300.0
2.08,28,3863,736.0,2292,NEAR OCEAN,202300.0
1.75,4,3454,680.0,1940,INLAND,110600.0
1.77,51,3581,888.0,1964,<1H OCEAN,214200.0
8.79,15,2264,431.0,1473,NEAR BAY,434600.0
7.66,1,4465,1030.0,1806,NEAR OCEAN,390200.0
6.63,48,4184,893.0,2951,<1H OCEAN,380300.0
1.62,47,4087,949.0,2844,<1H OCEAN,231400.0
6.67,16,539,,394,NEAR BAY,353300.0
1.69,20,3981,838.0,2932,INLAND,141400.0
0.48,33,3790,776.0,2374,INLAND,58400.0
3.09,17,2133,496.0,1518,NEAR OCEAN,219700.0
3.6,5,1845,373.0,1101,NEAR BAY,256800.0
8.2,5,4428,1041.0,3456,<1H OCEAN,437700.0
2.06,39,2887,657.0,1375,NEAR BAY,221600.0
12.53,13,2326,512.0,1782,NEAR BAY,500000.0
4.48,44,4641,955.0,2336,INLAND,230900.0
3.74,36,4904,953.0,2163,<1H OCEAN,293400.0
3.73,30,838,192.0,482,<1H OCEAN,242200.0
1.74,4,1424,265.0,919,NEAR OCEAN,180100.0
3.26,23,3905,968.0,1922,NEAR OCEAN,260200.0
4.68,21,4110,1021.0,2557,NEAR BAY,295800.0
6.75,21,4445,840.0,3214,<1H OCEAN,395700.0
3.18,6,1749,,879,INLAND,165600.0
4.45,24,4345,907.0,2746,NEAR OCEAN,326000.0
6.18,47,1705,421.0,913,NEAR BAY,362000.0
3.12,31,4630,963.0,2833,<1H OCEAN,276300.0
7.0,19,1575,323.0,1050,NEAR BAY,347800.0
5.5,38,867,198.0,468,INLAND,225100.0
6.38,12,2574,495.0,2053,NEAR BAY,347500.0
1.09,14,4290,881.0,2683,NEAR BAY,191900.0
3.35,50,1215,243.0,886,INLAND,160400.0
2.67,12,535,118.0,369,<1H OCEAN,195200.0
0.91,15,4961,949.0,3676,<1H OCEAN,192400.0
10.12,19,280,61.0,131,INLAND,383600.0
6.66,28,2334,560.0,1141,NEAR BAY,370400.0
1.39,40,1999,431.0,1189,INLAND,92000.0
8.36,41,457,104.0,338,NEAR OCEAN,407900.0
3.89,5,384,71.0,183,NEAR BAY,230400.0
5.21,5,322,68.0,253,INLAND,203100.0
2.72,6,4900,914.0,2210,NEAR BAY,235700.0
6.97,23,3714,824.0,1745,INLAND,299100.0
3.8,3,1594,318.0,744,NEAR BAY,247300.0
5.37,37,2552,510.0,1618,NEAR BAY,358400.0
7.39,33,3419,633.0,2622,NEAR BAY,413100.0
5.79,43,1508,304.0,757,INLAND,227500.0
3.13,21,4144,892.0,2574,INLAND,181800.0
3.82,20,2141,473.0,1006,<1H OCEAN,252400.0
6.5,1,690,127.0,450,NEAR BAY,315800.0
0.33,39,1254,282.0,563,NEAR BAY,149100.0
3.39,47,901,193.0,537,NEAR BAY,247300.0
4.02,17,3134,681.0,2074,NEAR OCEAN,312800.0
4.79,29,4895,1166.0,3091,<1H OCEAN,324400.0
2.72,8,1334,272.0,608,<1H OCEAN,204100.0
3.77,26,279,53.0,129,INLAND,180700.0
4.46,28,1035,226.0,691,INLAND,195800.0
4.41,34,851,209.0,615,NEAR BAY,259000.0
4.32,26,616,133.0,470,INLAND,172100.0
3.19,13,3880,924.0,2814,<1H OCEAN,247000.0
4.58,44,4066,947.0,3210,NEAR OCEAN,327800.0
8.09,37,945,204.0,532,NEAR OCEAN,425200.0
3.81,13,2202,496.0,1172,INLAND,188900.0
4.55,38,439,91.0,180,INLAND,206200.0
3.77,25,3093,671.0,1793,NEAR BAY,286800.0
7.86,47,2144,462.0,1416,INLAND,344400.0
3.4,23,1055,242.0,766,NEAR OCEAN,222500.0
2.24,22,3715,775.0,1883,NEAR BAY,218200.0
5.91,21,2846,532.0,1723,NEAR OCEAN,333100.0
3.3,30,3394,798.0,2256,INLAND,198400.0
5.72,11,4715,1074.0,2926,INLAND,253500.0
2.98,4,2798,689.0,1425,NEAR BAY,215300.0
1.92,33,1553,326.0,1115,<1H OCEAN,196800.0
3.88,47,2235,414.0,1048,INLAND,225600.0
1.5,12,3080,580.0,2346,INLAND,115300.0
4.73,9,879,205.0,686,INLAND,209500.0
6.33,32,686,126.0,374,NEAR BAY,322800.0
10.55,11,3820,930.0,2102,INLAND,438000.0
2.9,37,3850,768.0,2684,INLAND,156800.0
2.49,24,4918,1194.0,2864,<1H OCEAN,254300.0
6.24,7,1638,383.0,673,<1H OCEAN,309700.0
6.0,8,4514,1087.0,3466,INLAND,269100.0
6.22,33,1684,328.0,963,<1H OCEAN,315200.0
10.64,25,890,197.0,428,INLAND,395500.0
4.03,1,1212,226.0,754,<1H OCEAN,227300.0
11.84,3,4742,920.0,2312,NEAR BAY,500000.0
3.23,40,2547,513.0,1228,NEAR BAY,254900.0
2.62,28,3908,906.0,2416,INLAND,152800.0
2.47,43,4670,848.0,2598,<1H OCEAN,251400.0
2.37,33,2122,516.0,1335,NEAR BAY,203200.0
10.93,46,837,154.0,668,NEAR BAY,500000.0
7.63,1,3208,661.0,2385,INLAND,313500.0
10.38,38,2433,451.0,980,NEAR BAY,500000.0
1.04,27,2325,543.0,977,<1H OCEAN,192700.0
1.68,38,3657,694.0,2355,<1H OCEAN,223500.0
3.31,35,4489,1086.0,2920,NEAR OCEAN,277600.0
3.0,10,3374,732.0,2534,NEAR BAY,245000.0
4.56,12,3888,957.0,2533,INLAND,238100.0
4.09,10,1599,320.0,785,<1H OCEAN,263500.0
2.03,34,2534,536.0,1488,<1H OCEAN,213600.0
2.8,24,1705,389.0,1233,INLAND,133400.0
3.42,28,449,106.0,345,<1H OCEAN,222900.0
1.82,22,735,153.0,363,<1H OCEAN,175400.0
3.7,45,3732,904.0,2298,NEAR BAY,245100.0
1.91,16,3749,705.0,1737,<1H OCEAN,206900.0
3.64,13,657,150.0,393,INLAND,151800.0
2.23,36,2938,600.0,1281,NEAR OCEAN,233600.0
6.66,36,3569,667.0,2772,INLAND,320200.0
5.08,43,4335,897.0,2840,NEAR BAY,376200.0
5.01,23,3896,941.0,2889,INLAND,249500.0
5.94,14,3611,897.0,2886,NEAR OCEAN,348300.0
5.23,32,4269,885.0,2019,<1H OCEAN,328200.0
6.68,3,3587,868.0,2430,INLAND,270400.0
4.34,27,3385,730.0,2554,<1H OCEAN,308000.0
5.89,19,3438,791.0,2167,<1H OCEAN,344600.0
